{
  "project_info": {
    "project_number": "363377520981",
    "project_id": "aura-support-ticket-system",
    "storage_bucket": "aura-support-ticket-system.firebasestorage.app"
  },
  "client": [
    {
      "client_info": {
        "mobilesdk_app_id": "1:363377520981:android:a364ea5f6f55a8b6cb3fdc",
        "android_client_info": {
          "package_name": "com.example.supportticketsystem"
        }
      },
      "oauth_client": [],
      "api_key": [
        {
          "current_key": "AIzaSyCrgex3lPJvtntUa6HbHvmJVEcN0Rx9Dz0"
        }
      ],
      "services": {
        "appinvite_service": {
          "other_platform_oauth_client": []
        }
      }
    }
  ],
  "configuration_version": "1"
}